Polar Bear Plunge Day	Wednesday, January 01 2020
Buffet Day	Thursday, January 02 2020
Run It up the Flagpole and See If Anyone Salutes It Day	Thursday, January 02 2020
Science Fiction Day	Thursday, January 02 2020
Fruitcake Toss Day	Friday, January 03 2020
Festival of Sleep Day	Friday, January 03 2020
Trivia Day	Saturday, January 04 2020
Bird Day	Sunday, January 05 2020
Bean Day	Monday, January 06 2020

Sponsored by Advertising Partner
Sponsored Video
Watch to learn more
Old Rock Day	Tuesday, January 07 2020
Earths Rotation Day	Wednesday, January 08 2020
Static Electricity Day	Thursday, January 09 2020
Word Nerd Day	Thursday, January 09 2020
Cut Your Energy Costs Day	Friday, January 10 2020
Learn Your Name in Morse Code Day	Saturday, January 11 2020
Marzipan Day	Sunday, January 12 2020
Clean Off Your Desk Day	Monday, January 13 2020
Make Your Dreams Come True Day	Monday, January 13 2020
Organize Your Home Day	Tuesday, January 14 2020

Strawberry Ice Cream Day	Wednesday, January 15 2020
Nothing Day	Thursday, January 16 2020
Benjamin Franklin Day	Friday, January 17 2020
Kid Inventors Day	Friday, January 17 2020
Ditch New Years Resolution Day	Friday, January 17 2020
Thesaurus Day	Saturday, January 18 2020
Tin Can Day	Sunday, January 19 2020
Popcorn Day	Sunday, January 19 2020
Soup Swap Day	Monday, January 20 2020
Penguin Awareness Day	Monday, January 20 2020

Sponsored by Advertising Partner
Sponsored Video
Watch to learn more
Squirrel Appreciation Day	Tuesday, January 21 2020
Hot Sauce Day	Wednesday, January 22 2020
Handwriting Day	Thursday, January 23 2020
Global Belly Laugh Day	Friday, January 24 2020
National Compliment Day	Friday, January 24 2020
Macintosh Computer Day	Friday, January 24 2020
Opposite Day	Saturday, January 25 2020
Spouses Day	Sunday, January 26 2020
Chocolate Cake Day	Monday, January 27 2020
Data Privacy Day	Tuesday, January 28 2020

Puzzle Day	Wednesday, January 29 2020
Croissant Day	Thursday, January 30 2020
Backwards Day	Friday, January 31 2020
Eat Ice Cream for Breakfast Day	Saturday, February 01 2020
Day of the Crêpe	Sunday, February 02 2020
Play Your Ukulele Day	Sunday, February 02 2020
Carrot Cake Day	Monday, February 03 2020
Thank Your Mailman Day	Tuesday, February 04 2020
Create a Vacuum Day	Tuesday, February 04 2020
Stuffed Mushroom Day	Tuesday, February 04 2020
National Weatherpersons Day	Wednesday, February 05 2020
Chocolate Fondue Day	Wednesday, February 05 2020
Lame Duck Day	Thursday, February 06 2020
Work Naked Day	Friday, February 07 2020
e Day	Friday, February 07 2020
Send a Card to a Friend Day	Friday, February 07 2020
Laugh and Get Rich Day	Saturday, February 08 2020
Toothache Day	Sunday, February 09 2020
Bagel and Lox Day	Sunday, February 09 2020
Umbrella Day	Monday, February 10 2020
Clean Out Your Computer Day	Monday, February 10 2020
Make a Friend Day	Tuesday, February 11 2020
Dont Cry Over Spilled Milk Day	Tuesday, February 11 2020
Darwin Day	Wednesday, February 12 2020
World Radio Day	Thursday, February 13 2020
Ferris Wheel Day	Friday, February 14 2020
Library Lovers Day	Friday, February 14 2020
Gumdrop Day	Saturday, February 15 2020
Do a Grouch a Favor Day	Sunday, February 16 2020
Random Act of Kindness Day	Monday, February 17 2020
Battery Day	Tuesday, February 18 2020
Chocolate Mint Day	Wednesday, February 19 2020
Single Tasking Day	Saturday, February 22 2020
Be Humble Day	Saturday, February 22 2020
International Dog Biscuit Appreciation Day	Sunday, February 23 2020
Tortilla Chip Day	Monday, February 24 2020
Pistachio Day	Wednesday, February 26 2020
Tell a Fairy Tale Day	Wednesday, February 26 2020
No Brainer Day	Thursday, February 27 2020
Public Sleeping Day	Friday, February 28 2020
World Sword Swallowers Day	Saturday, February 29 2020
World Compliment Day	Sunday, March 01 2020
Plan a Solo Vacation Day	Sunday, March 01 2020
Old Stuff Day	Monday, March 02 2020
I Want You to be Happy Day	Tuesday, March 03 2020
March Forth and Do Something Day	Wednesday, March 04 2020
Learn What Your Name Means Day	Thursday, March 05 2020
Cinco de Marcho	Thursday, March 05 2020
Dentists Day	Friday, March 06 2020
Alexander Graham Bell Day	Saturday, March 07 2020
Proofreading Day	Sunday, March 08 2020
Napping Day	Monday, March 09 2020
Mario Day	Tuesday, March 10 2020
Oatmeal Nut Waffle Day	Wednesday, March 11 2020
Alfred Hitchcock Day	Thursday, March 12 2020
Jewel Day	Friday, March 13 2020
Pi Day	Saturday, March 14 2020
Everything You Think is Wrong Day	Sunday, March 15 2020
Every Thing You Do is Right Day	Monday, March 16 2020
Submarine Day	Tuesday, March 17 2020
Awkward Moments Day	Wednesday, March 18 2020
Absolutely Incredible Kid Day	Thursday, March 19 2020
Lets Laugh Day	Thursday, March 19 2020
World Storytelling Day	Friday, March 20 2020
Proposal Day	Friday, March 20 2020
Common Courtesy Day	Saturday, March 21 2020
International Goof Off Day	Sunday, March 22 2020
World OK Day	Monday, March 23 2020
Puppy Day	Monday, March 23 2020
Near Miss Day	Monday, March 23 2020
Chocolate Covered Raisins Day	Tuesday, March 24 2020
Eat a Waffle Day	Wednesday, March 25 2020
Tolkien Reading Day	Wednesday, March 25 2020
Make Up Your Own Holiday Day	Thursday, March 26 2020
Spanish Paella Day	Friday, March 27 2020
Something on a Stick Day	Saturday, March 28 2020
Smoke and Mirrors Day	Sunday, March 29 2020
Take a Walk in the Park Day	Monday, March 30 2020
Bunsen Burner Day	Tuesday, March 31 2020
Fun at Work Day	Wednesday, April 01 2020
World Party Day	Friday, April 03 2020
Walk to Work Day	Friday, April 03 2020
Tell a Lie Day	Saturday, April 04 2020
Read a Road Map Day	Sunday, April 05 2020
First Contact Day	Sunday, April 05 2020
Sorry Charlie Day	Monday, April 06 2020
Siblings Day	Friday, April 10 2020
Barbershop Quartet Day	Saturday, April 11 2020
Grilled Cheese Day	Sunday, April 12 2020
Yuris Night	Sunday, April 12 2020
Scrabble Day	Monday, April 13 2020
Be Kind to Lawyers Day	Tuesday, April 14 2020
International Moment of Laughter Day	Tuesday, April 14 2020
Reach as High as You Can Day	Tuesday, April 14 2020
Look up the Sky Day	Tuesday, April 14 2020
Eggs Benedict Day	Thursday, April 16 2020
Wear Pajamas to Work Day	Thursday, April 16 2020
Haiku Poetry Day	Friday, April 17 2020
Columnist Day	Saturday, April 18 2020
Look Alike Day	Monday, April 20 2020
Record Store Day	Tuesday, April 21 2020
Astronomy Day 1st	Tuesday, April 21 2020
Jelly Bean Day	Wednesday, April 22 2020
Take a Chance Day	Thursday, April 23 2020
Impossible Astronaut Day	Thursday, April 23 2020
Lovers Day	Thursday, April 23 2020
Take Our Daughters and Sons to Work Day	Thursday, April 23 2020
DNA Day	Saturday, April 25 2020
Poem in Your Pocket Day	Sunday, April 26 2020
Pretzel Day	Sunday, April 26 2020
Richter Scale Day	Sunday, April 26 2020
World Pinhole Photography Day	Sunday, April 26 2020
Zipper Day	Wednesday, April 29 2020
Honesty Day	Thursday, April 30 2020
Batman Day	Friday, May 01 2020
No Pants Day	Friday, May 01 2020
World Space Day	Friday, May 01 2020
Herb Day	Saturday, May 02 2020
Free Comic Book Day	Saturday, May 02 2020
Star Wars Day	Monday, May 04 2020
Beverage Day	Wednesday, May 06 2020
National School Nurse Day	Wednesday, May 06 2020
Europe Day	Saturday, May 09 2020
Lost Sock Memorial Day	Saturday, May 09 2020
Clean Up Your Room Day	Sunday, May 10 2020
Twilight Zone Day	Monday, May 11 2020
Eat What You Want Day	Monday, May 11 2020
Limerick Day	Tuesday, May 12 2020
Frog Jumping Day	Wednesday, May 13 2020
Dance Like a Chicken Day	Thursday, May 14 2020
Chocolate Chip Day	Friday, May 15 2020
Pizza Party Day	Friday, May 15 2020
Pack Rat Day	Sunday, May 17 2020
No Dirty Dishes Day	Monday, May 18 2020
May Ray Day	Tuesday, May 19 2020
Be a Millionaire Day	Wednesday, May 20 2020
Talk Like Yoda Day	Thursday, May 21 2020
Buy a Musical Instrument Day	Friday, May 22 2020
Scavenger Hunt Day	Sunday, May 24 2020
Sing Out Day	Monday, May 25 2020
Towel Day	Monday, May 25 2020
World Lindy Hop Day	Tuesday, May 26 2020
Sun Screen Day	Wednesday, May 27 2020
Hamburger Day	Thursday, May 28 2020
Put a Pillow on Your Fridge Day	Friday, May 29 2020
My Buckets Got a Hole Day	Saturday, May 30 2020
Macaroon Day	Sunday, May 31 2020
Say Something Nice Day	Monday, June 01 2020
Leave the Office Early Day	Tuesday, June 02 2020
Repeat Day	Wednesday, June 03 2020
Hug Your Cat Day	Thursday, June 04 2020
National Doughnut Day	Friday, June 05 2020
Drive-In Movie Day	Saturday, June 06 2020
VCR Day	Sunday, June 07 2020
Best Friends Day	Monday, June 08 2020
Donald Duck Day	Tuesday, June 09 2020
Iced Tea Day	Wednesday, June 10 2020
Corn on the Cob Day	Thursday, June 11 2020
Red Rose Day	Friday, June 12 2020
Sewing Machine Day	Saturday, June 13 2020
Bourbon Day	Sunday, June 14 2020
Nature Photography Day	Monday, June 15 2020
Bloomsday	Tuesday, June 16 2020
Eat Your Vegetables Day	Wednesday, June 17 2020
International Picnic Day	Thursday, June 18 2020
Sauntering Day	Friday, June 19 2020
Take Your Dog to Work Day	Friday, June 19 2020
World Juggling Day	Saturday, June 20 2020
Daylight Appreciation Day	Sunday, June 21 2020
Onion Ring Day	Monday, June 22 2020
Typewriter Day	Tuesday, June 23 2020
Swim a Lap Day	Wednesday, June 24 2020
Please Take my Children to Work Day	Thursday, June 25 2020
Chocolate Pudding Day	Friday, June 26 2020
Helen Keller Day	Saturday, June 27 2020
Tau Day	Sunday, June 28 2020
Camera Day	Monday, June 29 2020
Meteor Watch Day	Tuesday, June 30 2020
International Joke Day	Wednesday, July 01 2020
I Forgot Day	Thursday, July 02 2020
World UFO Day	Thursday, July 02 2020
Compliment Your Mirror Day	Friday, July 03 2020
International Plastic Bag Free Day	Friday, July 03 2020
Sidewalk Egg Frying Day	Saturday, July 04 2020
Workaholics Day	Sunday, July 05 2020
World Kissing Day	Monday, July 06 2020
Tell the Truth Day	Tuesday, July 07 2020
Video Games Day	Wednesday, July 08 2020
Math 20 Day	Wednesday, July 08 2020
Sugar Cookie Day	Thursday, July 09 2020
Teddy Bears Picnic Day	Friday, July 10 2020
Clerihew Day	Friday, July 10 2020
Cheer Up the Lonely Day	Saturday, July 11 2020
Simplicity Day	Sunday, July 12 2020
Embrace Your Geekness Day	Monday, July 13 2020
Pandemonium Day	Tuesday, July 14 2020
Gummi Worm Day	Wednesday, July 15 2020
Corn Fritters Day	Thursday, July 16 2020
Yellow Pig Day	Friday, July 17 2020
World Emoji Day	Friday, July 17 2020
Insurance Nerd Day	Saturday, July 18 2020
Caviar Day	Saturday, July 18 2020
Stick Out Your Tongue Day	Sunday, July 19 2020
Ice Cream Day	Sunday, July 19 2020
Space Exploration Day	Monday, July 20 2020
Junk Food Day	Tuesday, July 21 2020
Pi Approximation Day	Wednesday, July 22 2020
Vanilla Ice Cream Day	Thursday, July 23 2020
Cousins Day	Friday, July 24 2020
Culinarians Day	Saturday, July 25 2020
Uncle and Aunt Day	Sunday, July 26 2020
Take your Pants for a Walk Day	Monday, July 27 2020
Milk Chocolate Day	Tuesday, July 28 2020
Lasagna Day	Wednesday, July 29 2020
National Cheesecake Day	Thursday, July 30 2020
Uncommon Musical Instrument Day	Friday, July 31 2020
Girlfriends Day	Saturday, August 01 2020
Ice Cream Sandwich Day	Sunday, August 02 2020
Sisters Day	Sunday, August 02 2020
Watermelon Day	Monday, August 03 2020
Single Working Womens Day	Tuesday, August 04 2020
Work Like a Dog Day	Wednesday, August 05 2020
Fresh Breath Day	Thursday, August 06 2020
International Beer Day	Friday, August 07 2020
Lighthouse Day	Friday, August 07 2020
Happiness Happens Day	Saturday, August 08 2020
Book Lovers Day	Sunday, August 09 2020
lazyload Day	Monday, August 10 2020
Son and Daughter Day	Tuesday, August 11 2020
Middle Child Day	Wednesday, August 12 2020
Left-Handers Day	Thursday, August 13 2020
Creamsicle Day	Friday, August 14 2020
Relaxation Day	Saturday, August 15 2020
Tell a Joke Day	Sunday, August 16 2020
Thrift Shop Day	Monday, August 17 2020
Mail Order Catalog Day	Tuesday, August 18 2020
World Photo Day	Wednesday, August 19 2020
Chocolate Pecan Pie Day	Thursday, August 20 2020
Spumoni Day	Friday, August 21 2020
Be An Angel Day	Saturday, August 22 2020
Ride Like the Wind Day	Sunday, August 23 2020
Pluto Demoted Day	Monday, August 24 2020
Kiss and Make up Day	Tuesday, August 25 2020
Dog Appreciation Day	Wednesday, August 26 2020
The Duchess Who Wasnt Day	Thursday, August 27 2020
Bow Tie Day	Friday, August 28 2020
According to Hoyle Day	Saturday, August 29 2020
Frankenstein Day	Sunday, August 30 2020
Eat Outside Day	Monday, August 31 2020
Emma Nutt Day	Tuesday, September 01 2020
No Rhyme or Reason Day	Tuesday, September 01 2020
Bison Ten Yell Day	Wednesday, September 02 2020
Skyscraper Day	Thursday, September 03 2020
Eat an Extra Dessert Day	Friday, September 04 2020
Be Late for Something Day	Saturday, September 05 2020
Cheese Pizza Day	Saturday, September 05 2020
Fight Procrastination Day	Sunday, September 06 2020
Read a Book Day	Sunday, September 06 2020
Salami Day	Monday, September 07 2020
Pardon Day	Tuesday, September 08 2020
Teddy Bear Day	Wednesday, September 09 2020
Swap Ideas Day	Thursday, September 10 2020
Make Your Bed Day	Friday, September 11 2020
Chocolate Milkshake Day	Saturday, September 12 2020
Positive Thinking Day	Sunday, September 13 2020
Roald Dahl Day	Sunday, September 13 2020
Hug Your Hound Day	Monday, September 14 2020
Make a Hat Day	Tuesday, September 15 2020
Collect Rocks Day	Wednesday, September 16 2020
World Guacamole Day	Wednesday, September 16 2020
International Country Music Day	Thursday, September 17 2020
Rice Krispie Treat Day	Friday, September 18 2020
National CleanUp Day	Saturday, September 19 2020
National Gymnastics Day	Saturday, September 19 2020
International Talk Like a Pirate Day	Saturday, September 19 2020
Punch Day	Sunday, September 20 2020
Miniature Golf Day	Monday, September 21 2020
Hobbit Day	Tuesday, September 22 2020
Checkers Day	Wednesday, September 23 2020
Punctuation Day	Thursday, September 24 2020
Comic Book Day	Friday, September 25 2020
Love Note Day	Saturday, September 26 2020
Crush a Can Day	Sunday, September 27 2020
Ask a Stupid Question Day	Monday, September 28 2020
Good Neighbor Day	Monday, September 28 2020
Hot Mulled Cider Day	Wednesday, September 30 2020
International Coffee Day	Thursday, October 01 2020
Balloons Around the World Day	Thursday, October 01 2020
Phileas Fogg Wager Day	Friday, October 02 2020
World Smile Day	Friday, October 02 2020
Card Making Day	Saturday, October 03 2020
Taco Day	Sunday, October 04 2020
Chic Spy Day	Monday, October 05 2020
Mad Hatter Day	Tuesday, October 06 2020
Frappé Day	Wednesday, October 07 2020
Pierogi Day	Thursday, October 08 2020
Curious Events Day	Friday, October 09 2020
Handbag Day	Saturday, October 10 2020
Its My Party Day	Sunday, October 11 2020
Old Farmers Day	Monday, October 12 2020
Astronomy Day 2nd	Tuesday, October 13 2020
International Skeptics Day	Tuesday, October 13 2020
I Love Lucy Day	Thursday, October 15 2020
Dictionary Day	Friday, October 16 2020
Wear Something Gaudy Day	Saturday, October 17 2020
Sweetest Day	Saturday, October 17 2020
Chocolate Cupcake Day	Sunday, October 18 2020
National Clean Out Your Virtual Desktop Day	Monday, October 19 2020
International Observe the Moon Night	Tuesday, October 20 2020
International Sloth Day	Tuesday, October 20 2020
Count your Buttons Day	Wednesday, October 21 2020
Caps Lock Day	Thursday, October 22 2020
World Mole Day	Friday, October 23 2020
Bologna Day	Saturday, October 24 2020
Sourest Day	Sunday, October 25 2020
Howl at the Moon Day and Night	Monday, October 26 2020
American Beer Day	Tuesday, October 27 2020
International Animation Day	Wednesday, October 28 2020
Internet Day	Thursday, October 29 2020
Candy Corn Day	Friday, October 30 2020
Magic Day	Saturday, October 31 2020
Authors Day	Sunday, November 01 2020
Zero Tasking Day	Sunday, November 01 2020
Deviled Eggs Day	Monday, November 02 2020
World Sandwich Day	Tuesday, November 03 2020
Common Sense Day	Wednesday, November 04 2020
Men Make Dinner Day	Thursday, November 05 2020
Saxophone Day	Friday, November 06 2020
Bittersweet Chocolate with Almonds Day	Saturday, November 07 2020
Tongue Twister Day	Sunday, November 08 2020
Chaos Never Dies Day	Monday, November 09 2020
Forget Me Not Day	Tuesday, November 10 2020
Vanilla Cupcake Day	Tuesday, November 10 2020
Origami Day	Wednesday, November 11 2020
Happy Hour Day	Thursday, November 12 2020
World Kindness Day	Friday, November 13 2020
Sadie Hawkins Day	Friday, November 13 2020
Spicy Guacamole Day	Saturday, November 14 2020
Pickle Day	Saturday, November 14 2020
Clean Out Your Refrigerator Day	Sunday, November 15 2020
Fast Food Day	Monday, November 16 2020
Take A Hike Day	Tuesday, November 17 2020
Push Button Phone Day	Wednesday, November 18 2020
Use Less Stuff Day	Thursday, November 19 2020
National Absurdity Day	Friday, November 20 2020
World Hello Day	Saturday, November 21 2020
Go For a Ride Day	Sunday, November 22 2020
Fibonacci Day	Monday, November 23 2020
Celebrate Your Unique Talent Day	Tuesday, November 24 2020
Shopping Reminder Day	Wednesday, November 25 2020
Cakes Day	Thursday, November 26 2020
Buy Nothing Day	Friday, November 27 2020
Red Planet Day	Saturday, November 28 2020
Electronic Greeting Card Day	Sunday, November 29 2020
Computer Security Day	Monday, November 30 2020
Eat a Red Apple Day	Tuesday, December 01 2020
Fritter Day	Wednesday, December 02 2020
Make a Gift Day	Thursday, December 03 2020
Wear Brown Shoes Day	Friday, December 04 2020
Day of the Ninja	Saturday, December 05 2020
Put on Your Own Shoes Day	Sunday, December 06 2020
Microwave Oven Day	Sunday, December 06 2020
Letter Writing Day	Monday, December 07 2020
Pretend to Be a Time Traveler Day	Tuesday, December 08 2020
Christmas Card Day	Wednesday, December 09 2020
Dewey Decimal System Day	Thursday, December 10 2020
Jane Addams Day	Thursday, December 10 2020
Noodle Ring Day	Friday, December 11 2020
Gingerbread House Day	Saturday, December 12 2020
Official Lost and Found Day	Monday, December 14 2020
Monkey Day	Monday, December 14 2020
Chocolate Covered Anything Day	Wednesday, December 16 2020
Wright Brothers Day	Thursday, December 17 2020
Underdog Day	Friday, December 18 2020
Sangria Day	Sunday, December 20 2020
Ugly Sweater Day	Monday, December 21 2020
International Dalek Remembrance Day	Monday, December 21 2020
Date Nut Bread Day	Tuesday, December 22 2020
Festivus	Wednesday, December 23 2020
Eggnog Day	Thursday, December 24 2020
Grav Mass Day	Friday, December 25 2020
A-phabet Day or No L Day	Friday, December 25 2020
Thank You Note Day	Saturday, December 26 2020
No Interruptions Day	Sunday, December 27 2020
Card Playing Day	Monday, December 28 2020
Pepper Pot Day	Tuesday, December 29 2020
Bicarbonate of Soda Day	Wednesday, December 30 2020
Make Up Your Mind Day	Thursday, December 31 2020